청바지,32
경매,32
할인쿠폰,32
베스트셀러,32
공동구매,32
컴퓨터/핸드폰,32
에어컨/TV/디카,32
MP3/게임,32
패션/명품/브랜드,32
여성의류/속옷,32
남성의류/정장/빅사이즈,32
분유/기저귀/식품/생리대/임부복,32
유아동/장난감,32
쌀/과일/한우/생선,32
건강식품/음료,32
화장품/자동차,32
스포츠/다이어트,32
골프/등산/스키/낚시,32
운동화,32
네비게이션,32
리빙/침구/인테리어,32
애완/성인/공구,32
꽃배달,32
도서/여행/항공권,32
만화,32
남성,14
슬림,12
 팬츠,12
기모,11
 ,10
 브랜드 캐주얼의류,8
G9,8
|,8
데님,8
 데님/청바지,7
:,7
융기모,7
스판,7
[리바이스],6
롯데ON,6
 리바이스,6
용지팩토리,6
겨울청바지,5
 남성,5
 데님팬츠,5
리바이스,5
진청,5
팬츠,5
코이블리,4
스트레이트,4
 기모,4
기모청바지,4
40대남성,4
30대남성,4
여성,4
 브랜드 여성의류,4
겨울,4
surprised,4
게스,4
30대여성,3
캐주얼청바지,3
511,3
핏,3
블랙진,3
남자청바지,3
기모바지,3
수비진,3
테이퍼드,3
데님팬츠,3
블랙,3
 신세계적 쇼핑포털 SSG.COM,3
스키니,3
9부,3
워싱,3
일자,3
[무료배송],3
용지팩토리 협력사,3
갤러리아,3
20대남성,3
리더잭,3
스판청바지,2
코디하기편한,2
20대여성,2
키작녀청바지,2
키큰여자코디,2
코이블리 협력업체,2
가을청바지,2
/,2
겨울바지,2
빅사이즈청바지,2
일자청바지,2
크롭,2
[리바이스]남성,2
502,2
레귤러,2
마이쏭,2
[게스,2
진]여성,2
컬러,2
50대남성,2
롱부츠컷,2
빅사이즈기모바지,2
다탐나 협력업체,2
DATAMNA 다탐나,2
 플렉스,2
 청바지,2
융기모청바지,2
당신의 가장 좋은 선택,2
 GS SHOP,2
 501,2
어베인,2
 여성,2
 하이라이즈,2
 보이프렌드,2
여자청바지,2
20FW,2
D톤,2
흑청,2
밍크기모바지,2
기모스키니진,2
남자,2
하이웨스트,2
융 기 모 스키니진 팬츠 허리 스판 화이트블랙진 겨울 여자 밴딩 기모 스키니 청바지,2
밴딩,2
프리미엄,2
훈남스타일코디,2
남자연청바지,2
우라,2
와이드,2
바니바니또,2
배기,2
데일리코디아이템,1
봄청바지,1
[04511-4454],1
오리지널,1
데일리룩,1
다리길어보이는코디,1
커팅진,1
흑청바지,1
캘빈클라인진,1
CKJ,1
스키니핏,1
J314306,1
 블랙빈티지워싱,1
 타이트,1
 일자데님(JJ9DIG35),1
남성청바지,1
남성기모바지,1
남자기모청바지,1
핫코드,1
20,1
 F/W,1
 신상품,1
 겟유즈드,1
 스트레이트핏,1
 실키,1
 기,1
 여성의류,1
 바지,1
 슬랙스,1
PLAC,1
PJTZ5NKK065,1
20S/S,1
중청,1
워싱데님,1
노이커츠,1
[플랙]남성,1
스트레이트핏,1
쌩지데님(PJTZ5BEK081),1
융기모바지,1
밍크기모,1
기모배기팬츠,1
기모배기바지,1
여성기모청바지,1
여자기모청바지,1
여성기모팬츠,1
SP970,1
flex,1
29507-0892,1
하이웨스트스키니,1
청바지와잘어울리는,1
화이트스키니,1
신축성좋은스키니,1
9부부츠컷,1
키작녀바지,1
제곱청바지,1
기모스키니,1
코팅스키니,1
피치기모팬츠,1
마이쏭협력업체,1
겨울신상스키니 와이드청바지 데님 연청 진청 블랙진 하이웨스트,1
울트라,1
앵클스키니(YJ1D9038),1
 502,1
 레귤러,1
 테이퍼드핏,1
 블랙진(청바지),1
 29507-0001,1
 뉴코아일산,1
★특가상품★ 남성) 시계포켓 변형 기본워싱 양모데님 기본 일자핏 AJ4DIH33,1
커츠,1
PJOG3KU4793,1
★디젤 20S/S 남성데님 러스터 라이트블루 LUSTER 95U 131 01 10 013,1
(융기모),1
깡패,1
한겨울용,1
남학생룩,1
박시한,1
코디하기쉬운,1
이지캐주얼,1
스타일나는,1
 클래식,1
 스판,1
 데님,1
 3종택1_P089118320,1
 기본워싱,1
 테이퍼드(JJ9DTA33),1
키큰여자청바지,1
밍크청바지,1
밴딩부츠컷,1
스판부츠컷,1
연청부츠컷,1
하이웨스트부츠컷,1
겨울부츠컷,1
다탐나,1
따뜻한 밍크융 기모 히든 고무줄 밴딩 밴드 스판 세미 나팔 하이 데님청바지 99빅사이즈 중청,1
 하트,1
 K50,1
 인디고,1
 로우(PJTZ5HAK501),1
캐주얼의류,1
 일자 청바지,1
 (하프클럽)[뱅뱅_],1
 플리스,1
 본딩,1
 기모데님,1
 3종택1_P090840756,1
 검정/28,1
 검정/29,1
 검정/38,1
다리길어보이는바지,1
날씬해보이는바지,1
다리얇아보이는바지,1
겨울밴딩바지,1
빅사이즈겨울바지,1
기모일자청바지,1
빅사이즈일자청바지,1
기모연청바지,1
다탐나 겨울 기모 편한 스판 밴딩 일자 데님팬츠진 청바지,1
겨울 10부 본딩 고무줄밴딩 스판 커팅 세미 슬림 일자 32빅사이즈 청바지,1
진청바지,1
28-40,1
4컬러,1
디오,1
기모빵빵,1
 93,1
 스트레이트,1
 웜진,1
 79830-0095,1
 브랜드 남성의류,1
트렌드세터,1
간절기,1
가을,1
모던블랙,1
모던심플,1
트렌디한캐주얼룩,1
데일리웨어,1
어베인협력업체,1
칼릭그레이데님,1
 남,1
 노이,1
 커츠,1
 K55,1
 블랙,1
 린스,1
 (PJTZ5NKK553),1
 워싱,1
 기본일자(JJ9DIG33),1
 진(85873-0006),1
511슬림핏,1
웜진,1
04511-1343,1
간절기코디,1
20대,1
MG77725777,1
연청팬츠,1
진청팬츠,1
스트릿패션,1
리틀마켓,1
하이웨스트 연청 진청 컷팅 일자청바지 A9AP037,1
[디스퀘어드] 보트패치 슬림진 (74LB0558),1
 신세계몰,1
［무배］010와이드데님,1
OK4D9113,1
 여,1
 브러시드,1
 스키니핏,1
 데님(05410940)(410940),1
 니트/가디건,1
 가디건/집업/베스트,1
붓컷,1
OK4D9312,1
롱다리,1
슬림부츠컷,1
(3size),1
명품,1
오픈마켓,1
쇼핑몰,1
명품쇼핑,1
머스트잇,1
mustit,1
해외직구,1
구매대행,1
정품쇼핑몰,1
명품신발,1
명품가방,1
명품시계,1
꼼데가르송,1
골든구스,1
구찌,1
스톤아일랜드,1
토리버치,1
오프화이트,1
고샤루브친스키,1
헬렌카민스키,1
드롱기아이코나빈티지커피머신,1
이지부스트,1
오니츠카타이거,1
아크네,1
밍크바지,1
겨울스키니,1
여성기모바지,1
여자밴딩청바지,1
여자겨울바지,1
여성밍크팬츠,1
밍크털 허리밴딩 기모스키니 팬츠,1
[블라키],1
더블,1
뉴,1
3종,1
하프클럽,1
[기획/4컬러]빅사이즈,1
S~4XL,1
밍크융털,1
직장인룩,1
멋쟁이,1
오피스데일리룩,1
LOVELY,1
캐주얼스타일,1
여자겨울코디,1
귀여운스타일,1
캐주얼코디,1
자프 밍크안감 도톰 밴딩 스판 배기 데님 팬츠 포켓 청바지 데일리,1
<주>리바이스트라우스코리아,1
리바이스<백화점>,1
[리바이스] [00505-4891] 남자 505 와이드 핏 스트레이트 오리지널 청바지 LEVIS 프리미엄 진 루즈핏 데님/리바이스<백화점>,1
더현대닷컴,1
쫀쫀한신축성,1
청순한,1
매력적인,1
캐쥬얼하의,1
베이직스타일,1
스타일리쉬,1
신입생룩,1
남친이좋아하는,1
스키니진코디,1
캐주얼스키니,1
상세설명에표시,1
게스 여성 기모 청바지,1
넘버원코스트코구매대행,1
(현대Hmall)리바이스_511,1
 슬림핏,1
 스트레치,1
 WARM_04511-3804,1
 스포츠의류/운동화,1
 스포츠남성의류,1
 남성스포츠바지,1
 닉스,1
 W몰,1
 NIX,1
 남성겨울,1
 기모스트레이트일자,1
 NMFDPC102_A3H2,1
YT,1
04511-3403,1
스판배기바지,1
여성배기청바지,1
보이핏청바지,1
통통걸,1
포켓 센스 밴딩 쫀쫀 스판 밍크융기모 배기청바지,1
501,1
93,1
셀비지,1
79830-0076,1
(블랙/,1
진),1
투버튼,1
하이웨스트청바지,1
부츠컷청바지코디,1
하이웨스트진,1
나팔바지코디,1
마리 하이웨스트 세미 부츠컷 청바지 진청 롱 나팔진,1
Overseas,1
스키니진,1
기모블랙진,1
스키니청바지,1
밴딩청바지,1
여성청바지,1
펑키닐 협력업체,1
펑키닐,1
버커루,1
남여공용,1
배기핏,1
95244,1
빅사이즈,1
융,1
미드라이즈,1
보이프렌드,1
웜진(19887-0167),1
일자핏,1
팬츠(04511-4623),1
724,1
하이라이즈,1
스트레이트(18883-0048),1
유니크룩코디,1
댄디클래식,1
스타일리시룩,1
봄나들이패션,1
남친룩,1
심플한청바지,1
 93_스트레이트,1
 핏,1
 청바지(79830-0008),1
닉스,1
히든,1
뉴슬림핏,1
FNMFDPN131B,1
남성진청바지,1
9부청바지,1
크롭청바지,1
남자청바지벨트,1
슬림핏청바지,1
남자중청바지,1
남자진청바지,1
이모셔널,1
M톤,1
YK3D6155,1
따뜻한데,1
편하기,1
까지한,1
신축성,1
좋은,1
반하이,1
슬림일자,1
댄디가이,1
일상패션코디,1
남자그레이진,1
남자블랙진,1
바니바니또 협력사,1
★특가상품★ 여성) 바이오 캣엠보 워싱 양모데님 일자핏 AJ4DIG82,1
허리가편안한,1
캐주얼룩,1
40대여성,1
50대여성,1
보아털,1
[플랙]여성,1
WARM,1
HART,1
803,1
RINSED,1
생지,1
슬림일자청바지,1
PJON3HA8033,1
기본핏,1
그레이,1
LEJ,1
541,1
에슬레틱핏,1
쿨,1
데님팬츠(72779-0006),1
뱅뱅,1
남녀공용,1
청바지(NQG856),1
[무배],1
세미부츠컷,1
05830,1
테이퍼드핏,1
팬츠(29507-0065),1
게스(진),1
20년,1
F/W,1
공용,1
(NK3D0100),1
(무료배송),1
링링,1
기모안감,1
뒷밴딩,1
데일리,1
인생,1
세미,1
 진(85873-0013),1
엘로힘텍스타일,1
제시카케이,1
elohim - 엘텍,1
[지오다노]여,1
브러시드,1
410942,1
롯데백화점몰,1
