코트,50
경매,22
할인쿠폰,22
베스트셀러,22
공동구매,22
컴퓨터/핸드폰,22
에어컨/TV/디카,22
MP3/게임,22
패션/명품/브랜드,22
여성의류/속옷,22
남성의류/정장/빅사이즈,22
분유/기저귀/식품/생리대/임부복,22
유아동/장난감,22
쌀/과일/한우/생선,22
건강식품/음료,22
화장품/자동차,22
스포츠/다이어트,22
골프/등산/스키/낚시,22
운동화,22
네비게이션,22
리빙/침구/인테리어,22
애완/성인/공구,22
꽃배달,22
도서/여행/항공권,22
만화,22
핸드메이드,22
캐시미어,20
 ,16
 코트,14
벨티드,14
롱,14
:,13
 브랜드 여성의류,9
롯데ON,9
롱코트,8
잇미샤,8
오버핏,8
 롱코트,8
울,7
혼방,6
핸드메이드코트,6
지오송지오,5
 캐시미어,4
 신세계적 쇼핑포털 SSG.COM,4
[쉬즈미스],4
더블버튼,4
 울,4
롯데백화점몰,4
아웃포켓,4
루즈핏,4
빅카라,4
캐시미어코트,3
데일리코트,3
 슬릿,3
더블,3
쉬즈미스,3
[쥬크,3
ZOOC],3
하프클럽,3
더아이잗,3
리스트,3
남자코트,2
울코트,2
헤투데이,2
밸티드,2
캐시,2
 쉬즈미스,2
 카라,2
 하프코트,2
스튜디오,2
톰보이,2
루즈핏코트,2
데일리스타일,2
패셔너블,2
고퀄리티,2
[나이스크랍]클래식,2
 브랜드 남성의류,2
 점퍼/코트,2
[온앤온],2
와이드카라,2
블랙,2
스튜디오톰보이,2
 핸드메이드,2
 롱,2
시선인터내셔널,2
블렌딩,2
 FW,2
 톰보이,2
보브,2
 온앤온,2
G9,2
|,2
상세참조,2
롯데백화점 잠실점,2
수리알파카,2
헤링본,2
리버시블,2
나이스크랍,2
 자켓/코트,2
 66,2
폭스퍼,2
구스다운,2
겨울,2
온앤온,2
투버튼,2
싱글,2
건강한,2
아이디어!,2
NS홈쇼핑,2
 더블,2
20FW,2
모직,2
딜라이터협력업체,2
단직,2
올젠,2
런던플랏,2
특가대표!,2
위메프,2
남자롱코트,1
남자겨울코트,1
남성코트,1
남자오버핏코트,1
남자캐시미어코트,1
남자울코트,1
헤투데이 협력업체,1
오버핏 겨울 롱 캐시미어 코트,1
큰카라,1
모직코트,1
ITJBHHC670,1
 폭스,1
 코트SWHFCJ41040,1
캐시미어 블랜드 벨티드 코트 (SWHCTJ41010),1
핸드,1
투,1
포켓,1
9190411922,1
오피스룩코트,1
롱코트코디,1
오퍼핏코트,1
트렌치형코트,1
스타일리쉬한코트,1
맥시코트,1
트렌디한코트,1
WOO SHIN ITC,1
잇미샤 맥시 트렌치형 핸드메이드 코트 ITKBYHL930,1
잇미샤서울역 롯데,1
캐시미어롱코트,1
SWHCTK41090,1
노멀베이직,1
고급스러움,1
베이직룩,1
넉넉한,1
클래식모던,1
멋진,1
모던스타일,1
이랜드월드,1
로엠,1
RMJHA4TR22,1
로엠금호점,1
코트(N204XWC946),1
D204MSG501/듀엘,1
지오지아,1
 히든,1
 구스다운,1
 AEA4FP1104KH_gs,1
 패딩/다운코트,1
소매,1
장식,1
포인트,1
NW9XH848,1
NW9WH632,1
ZUW21554-BK,1
사이드,1
 코트_TWWCTJ80420_BR,1
[리스트]벨티드,1
TWHCTJ80060,1
당신의 가장 좋은 선택,1
 GS SHOP,1
9190411924,1
ENC,1
 W몰,1
 ENJH94T92W,1
100%,1
ITJBWHC100,1
[잇미샤],1
윙카라,1
ITJBHHC675,1
ITJAHHC630K,1
신세계백화점,1
ZVW21758,1
-,1
20,1
F/W,1
코트/벨트(OV0WH962)/올리브데올리브,1
코트SWHCTK41030,1
론칭가79,1
 900원,1
 더엣지,1
 터틀넥,1
 판초,1
 니트,1
 4종,1
 니트/가디건,1
 라운드/카라/후드 니트,1
[CC콜렉트],1
딥그린,1
C194MSG574,1
코트(N204XWCA44.ELJ),1
올리브데올리브,1
백,1
벨트,1
YZ0WH031,1
SWHCTK41410,1
캐시미어믹스,1
[ZUW21528]19F/W,1
반더블,1
기장,1
버건디컬러,1
V204MSG964,1
V204MSG957,1
 대구백화점,1
 II관,1
 (기존가:259,1
 000원)테일러드,1
 슬림핏,1
 코트(9109411996),1
레노마레이디,1
캐시클라크,1
(CX41HC040),1
SWHCTK41080,1
카라넥,1
 모다아울렛,1
 벨티드,1
 SWHCTJ41170/BK,1
올,1
숄,1
CT(50416102),1
 블렌딩,1
 빅카라,1
 오버핏,1
 NW9WH064,1
노카라,1
(SWHCTJ41050),1
ITKBHHC680B,1
A194MWCA41,1
갤러리아,1
 타임월드,1
 BON,1
 F/W시즌,1
 세미오버,1
 투버튼,1
 블랙,1
 싱글,1
 BN9WHA771,1
모조에스핀,1
S204MSG410,1
캐시미어100%,1
ITJBHHC650,1
리스트<프리미엄>,1
TWHCTK80070ELJS,1
일상룩,1
오늘의코디,1
오피스코디,1
활력넘치는,1
캐주얼스타일,1
패셔니스타,1
톰보이룩,1
스튜디오톰보이룩,1
&lt;주&gt;에스엠룩컴퍼니,1
9109411945,1
롯데파주 톰보이,1
[극소량],1
지고트,1
기본라인코트,1
JJCA0CT96,1
[브릭],1
다크네이비,1
쉐도우체크,1
트임,1
밸트,1
롱코트ZUW21531,1
(듀엘),1
핸드메이드기본클래식롱코트,1
L204MSG507,1
레글런,1
9109411037,1
[비지트인뉴욕]옆트임,1
핸드메이드코트VW1JK74,1
무스탕ik9-a3-fs04,1
벨티드코트N194XWC940,1
브랜드 여성의류,1
 테일러드카라 자켓-기본,1
 [The,1
 AtG]더엣지,1
 양모100,1
 케이프코트,1
BON,1
19F/W,1
컨템,1
프리미엄,1
리얼,1
혼용,1
(BN9WHA295),1
포인트룩,1
컨템퍼러리,1
단정한,1
스타일리쉬한,1
매력적인,1
연말모임,1
특별한날,1
30대여성,1
젊줌마,1
바바패션,1
더아이잗 폭스 후드 무스탕 코트 IK9A3FS02,1
그랜드백화점,1
[본]BON,1
19FW,1
세미오버핏,1
블루,1
외,1
오종,1
택일,1
(BN9WHA298BL),1
LF스퀘어,1
엘에프스퀘어,1
lfsquare,1
lf스퀘어,1
lf스퀘어몰,1
닥스셔츠,1
 닥스키즈,1
헤지스키즈,1
찰스앤키스,1
필그림,1
트롤비즈,1
카라슈,1
질바이질스튜어트,1
질셔츠,1
질바이질셔츠,1
질바이질스튜어트셔츠,1
포멜카멜레,1
[보니스팍스]덛블체크롱코트,1
AX42HC100,1
[톰보이]셔츠카라드랍숄더핸드메이드코트,1
(9100411019),1
벨드장식,1
핸드메이드코트SWHCTK42030,1
V194MSG952,1
NW0WH920-EL2,1
VOV,1
물방울벨트,1
7119416310,1
{듀엘}밍크퍼,1
L201PSH501,1
20겨울,1
코트(TWHCTK82410),1
체스터,1
코트ZUW21551,1
032베이직벨트핸드메이드코트YZ0WH032,1
여성의류,1
 모직자켓/코트,1
 주크,1
 캐시울코트,1
 V204MSG962,1
 55,1
리얼양가죽,1
롱무스탕,1
7159475201,1
버튼,1
TWHCTK80020,1
<주>인동FN,1
TWWCTJ80080,1
현대송도 리스트,1
V204MSG951,1
핸드메이드 하프 벨티드코트 (C194MSG504),1
TAHARI,1
타하리,1
트렌치,1
JW0WH595,1
[나이스크랍][최실장PICK],1
여밈,1
데일리,1
N204XWCA40,1
절개,1
SACTD3961,1
E194MSH153,1
코트N194MWCA53,1
크리스마스코디,1
데일리룩코트,1
귀여운코트,1
울롱코트,1
핸드메이드울코트,1
핸드메이드롱코트,1
울100코트,1
양모코트,1
딜라이터코트,1
딜라이터,1
모다아울렛,1
 인기,1
 브레스트,1
 TWHCTJ82040,1
데이트룩,1
데일리룩,1
이랜드월드_로엠,1
로엠 <ROEM>,1
RMJHA4TG91,1
건대 스타시티 로엠,1
[라코스테]3IN1,1
변형,1
맥코트,1
BH582E-20C_031_KR217E,1
모이블레 싱글 핸드메이드코트,1
슈니걸,1
Soup캐시미어,1
솔리드,1
코트SVBHC06,1
울 블랜드 후드 슬림 코트 7129416512172,1
[비지트인뉴욕]핸드메이드,1
싱글코트,1
(VVBHC23GD),1
[ZOOC,1
주크],1
일자핏,1
Z194MSG151,1
빌렌시아,1
스탠,1
V9AMH18,1
스탠드카라,1
ITKAYHL900,1
트렌치형,1
ITJCYHC920,1
2020FW남성,1
30대,1
40대,1
50대,1
네추럴룩,1
청바지와어울리는,1
감각있는,1
신성통상,1
ZAA4CP1301,1
양모,1
/벨트(OV0WH966)/올리브데올리브,1
[케네스레이디]코르트,1
하프코트(ETHCJL01),1
앙고라 블랜드 클래식 싱글 코트 7159416203,1
 여성용,1
 체크,1
 패턴,1
 아웃포켓,1
 9109411999,1
르메르코트,1
런던플랏르메르,1
여성코트,1
대한민국,1
르메르,1
Lulini,1
더블롱코트,1
ZUW21510,1
천연,1
후드,1
스웨이드,1
무스탕ik9a3fs07,1
잇미샤 알파카 핸드메이드 코트<ITJCHHC750>,1
롯데아울렛 수완점 잇미샤,1
[온앤온][온앤온],1
NW9WH060,1
데코,1
FDJH94T02W-01,1
롯데 광교점 데코,1
기본코트,1
정장코트,1
심플한코트,1
베이직코트,1
오버코트,1
남자코트패션,1
캐주얼코트,1
파스토조,1
ZVW21759,1
지오송지오 홍대,1
[나이스크랍]래글런절게,1
카라,1
핸디메이드,1
코트A204PWC940,1
[써스데이아일랜드][여성]공효진,1
A라인,1
코트(T208MCT237W),1
[리스트],1
모혼방,1
스티치,1
(TWHCTK82030),1
